codigo;descripcion;almacen;lote;stock;fecha
550026900;SHELL SPIRAX S4 CX 30 1x55GAL;000001;VER-TRI-577PBL22;8;2022-12-29
550026919;SHELL SPIRAX S3 ATF MD3 1x55GAL;000001;VER-TRI-577PBL22;1;2022-12-29
550029925;SHELL SPIRAX S2 A 80W-90 1x55GAL;000001;VER-TRI-577PBL22;3;2022-12-29
550045838;SHELL HELIX HX5 15W-40 SN 3x4L;000002;VER-TRI-577PBL22;1505;2022-12-29
550053587;SHELL ADVANCE 4T ULTRA 15W-50 12x1L;000001;VER-TRI-577PBL22;1662;2022-12-29
550057747;SHELL HELIX HX7 SP 10W-30 1x209L;000001;VER-TRI-577PBL22;2;2022-12-29
6560300055;SHELL TURBO OIL T 46 1x55GAL;000001;VER-TRI-577PBL22;1;2022-12-29
44774905;SHELL ADVANCE 4T AX7 10W-40 SM/MA2 CX 12x1L;000001;VER-TRI-537PBL22;988;2022-12-13
44245855;SHELL RIMULA R2 50 FR 1x20L EXPO;000001;VER-TRI-527PBL22;1296;2022-12-20
44245855;SHELL RIMULA R2 50 FR 1x20L EXPO;000001;VER-TRI-526PBL22;1296;2022-12-16
44245855;SHELL RIMULA R2 50 FR 1x20L EXPO;000001;VER-TRI-525PBL22;1296;2022-12-20
44245855;SHELL RIMULA R2 50 FR 1x20L EXPO;000001;VER-TRI-524PBL22;1296;2022-12-16
44245855;SHELL RIMULA R2 50 FR 1x20L EXPO;000001;VER-TRI-523PBL22;64;2022-12-16
44245855;SHELL RIMULA R2 50 FR 1x20L EXPO;000002;VER-TRI-523PBL22;342;2022-12-16
40926905;SHELL HELIX HX8 PRO AG 0W-20 EXPO 12x1L;000001;VER-TRI-480PBL22;1760;2022-12-08
44245855;SHELL RIMULA R2 50 FR 1x20L EXPO;000002;VER-TRI-479PBL22;1013;2022-12-08
44245855;SHELL RIMULA R2 50 FR 1x20L EXPO;000003;VER-TRI-479PBL22;2;2022-12-08
44245855;SHELL RIMULA R2 50 FR 1x20L EXPO;000004;VER-TRI-479PBL22;89;2022-12-08
44245855;SHELL RIMULA R2 50 FR 1x20L EXPO;000002;VER-TRI-478PBL22;1246;2022-12-08
40926905;SHELL HELIX HX8 PRO AG 0W-20 EXPO 12x1L;000001;VER-TRI-477PBL22;1760;2022-12-07
45312905;SHELL ADVANCE 4T AX5 20W-50 SL/MA CX 12x1L;000001;VER-TRI-476PBL22;1760;2022-12-08
550022409;SHELL CAPRINUS XR 40 1x209L;000001;VER-TRI-045PBL23;94;2023-02-24
550045885;SHELL HELIX HX5 20W-50 SN 6x1L;000001;VER-TRI-045PBL23;1450;2023-02-24
550045901;SHELL HELIX HX5 15W-40 SN 6x1L;000001;VER-TRI-045PBL23;1845;2023-02-24
550050102;SHELL HELIX HX8 PROFESSIONAL AG 5W-30 6x1L;000001;VER-TRI-045PBL23;1575;2023-02-24
550059865;SHELL ADVANCE 4T AX7 10W-40 SN/MA2 6x1L;000001;VER-TRI-045PBL23;1662;2023-02-24
550059866;SHELL ADVANCE AX7 15W-50 SN/MA2 6x1L;000001;VER-TRI-045PBL23;438;2023-02-24
550026697;SHELL HYDRAULIC S1 M 68 1x5GAL;000001;VER-TRI-044PBL23;2520;2023-02-16
550045436;SHELL RIMULA R4 X 15W-40 3x4L;000001;VER-TRI-044PBL23;0;2023-02-16
550026301;SHELL CORENA S2 P 100 1X5GAL;000001;VER-TRI-035PBL22;25;2020-01-01
550027680;SHELL GADUS S3 V460D 2 1x180KG;000001;VER-TRI-029PBL23;2;2023-01-27
550049811;SHELL SPIRAX S2 A 80W-90 6x1L;000001;VER-TRI-029PBL23;0;2023-01-27
550049812;SHELL SPIRAX S2 A 85W-140 6x1L;000001;VER-TRI-029PBL23;875;2023-01-27
550049814;SHELL SPIRAX S3 ATF MD3 6x1L;000001;VER-TRI-029PBL23;1402;2023-01-27
550052219;SHELL GADUS S2 OG 40 1x190KG;000001;VER-TRI-029PBL23;8;2023-01-27
550045838;SHELL HELIX HX5 15W-40 SN 3x4L;000001;VER-TRI-028PBL23;1833;2023-01-27
550045838;SHELL HELIX HX5 15W-40 SN 3x4L;000002;VER-TRI-028PBL23;1367;2023-01-27
44243809;SHELL RIMULA R4X 15W-40 TB 209L EXPO;000001;VER-TRI-024PBL23;128;2023-02-24
44243809;SHELL RIMULA R4X 15W-40 TB 209L EXPO;000002;VER-TRI-023PBL23;128;2023-02-24
44243809;SHELL RIMULA R4X 15W-40 TB 209L EXPO;000001;VER-TRI-022PBL23;127;2023-02-24
44243809;SHELL RIMULA R4X 15W-40 TB 209L EXPO;000001;VER-TRI-021PBL23;128;2023-02-24
44243809;SHELL RIMULA R4X 15W-40 TB 209L EXPO;000001;VER-TRI-020PBL23;0;2023-02-24
44243809;SHELL RIMULA R4X 15W-40 TB 209L EXPO;000002;VER-TRI-020PBL23;89;2023-02-24
44243809;SHELL RIMULA R4X 15W-40 TB 209L EXPO;000001;VER-TRI-019PBL23;128;2023-02-24
44243809;SHELL RIMULA R4X 15W-40 TB 209L EXPO;000002;VER-TRI-014PBL23;128;2023-01-30
44243809;SHELL RIMULA R4X 15W-40 TB 209L EXPO;000002;VER-TRI-013PBL23;27;2023-01-27
44243809;SHELL RIMULA R4X 15W-40 TB 209L EXPO;000004;VER-TRI-013PBL23;83;2023-01-27
550025702;SHELL REFRIGERATION OIL S4 FR-V 68 1x20L;000001;VER-CUA-173PBL21;470;2021-05-18
550025702;SHELL REFRIGERATION OIL S4 FR-V 68 1x20L;000004;VER-CUA-173PBL21;90;2021-05-18
550025702;SHELL REFRIGERATION OIL S4 FR-V 68 1x20L;000004;VER-CUA-090PBL21;24;2021-04-16
550026300;SHELL CORENA S4 R 68 1x5GAL;000001;VER-CUA-035PBL22;168;2022-02-01
550027265;SHELL CORENA S4 P 100 1x20L;000001;VER-CUA-035PBL22;168;2022-02-01
550047075;SHELL GADINIA S3 40 1x55GAL;000001;VER-CUA-035PBL22;168;2022-02-01
550045885;SHELL HELIX HX5 20W-50 SN 6x1L;000001;NAR-TRI-380PBL22;9975;2022-08-25
550045885;SHELL HELIX HX5 20W-50 SN 6x1L;000001;NAR-TRI-379PBL22;6650;2022-08-29
550045885;SHELL HELIX HX5 20W-50 SN 6x1L;000001;NAR-TRI-378PBL22;3325;2022-08-25
500000214;SHELL CATENEX T 121 BULK;000001;NAR-TRI-372PBL22;22502;2022-08-25
500000214;SHELL CATENEX T 121 BULK;000001;NAR-TRI-371PBL22;22406;2022-08-25
500000214;SHELL CATENEX T 121 BULK;000001;NAR-TRI-370PBL22;22460;2022-08-25
500000214;SHELL CATENEX T 121 BULK;000001;NAR-TRI-369PBL22;22024;2022-08-25
550045885;SHELL HELIX HX5 20W-50 SN 6x1L;000001;NAR-TRI-366PBL22;2975;2022-08-11
550045885;SHELL HELIX HX5 20W-50 SN 6x1L;000001;NAR-TRI-345PBL22;13300;2022-07-27
45312905;SHELL ADVANCE 4T AX5 20W-50 SL/MA CX 12x1L;000001;NAR-TRI-321PBL22;1760;2022-07-28
550045885;SHELL HELIX HX5 20W-50 SN 6x1L;000001;NAR-TRI-310PBL22;4525;2022-07-15
40926905;SHELL HELIX HX8 PRO AG 0W-20 EXPO 12x1L;000001;NAR-TRI-257PBL22;1406;2022-06-10
550043380;SHELL TURBO S4 GX 32 1x55GAL;000001;NAR-CUA-477PBL21;48;2021-11-03
550049041;SHELL HELIX HX8 PRO AG 0W-20 LATA 3x4L;000001;NAR-CIR-096PBL22;2141;2020-01-01
43509809;SHELL HELIX HX5 15W-40 SL TB 209L;000001;NAR-CIR-079PBL20;163;2020-01-01
550027265;SHELL CORENA S4 P 100 1x20L;000001;MOR-TRI-577PBL22;25;2022-12-29
550026697;SHELL HYDRAULIC S1 M 68 1x5GAL;000001;MOR-TRI-451PBL22;840;2022-10-20
550026699;SHELL HYDRAULIC S1 M 68 1x55GAL;000001;MOR-TRI-451PBL22;327;2022-10-20
550026699;SHELL HYDRAULIC S1 M 68 1x55GAL;000004;MOR-TRI-451PBL22;9;2022-10-20
6560500055;SHELL TURBO T OIL 68 1x55GAL;000001;MOR-TRI-451PBL22;48;2022-10-20
550026300;SHELL CORENA S4 R 68 1x5GAL;000001;MOR-TRI-450PBL22;210;2022-10-19
550026697;SHELL HYDRAULIC S1 M 68 1x5GAL;000001;MOR-TRI-450PBL22;420;2022-10-19
550026900;SHELL SPIRAX S4 CX 30 1x55GAL;000001;MOR-TRI-450PBL22;21;2022-10-19
550026907;SHELL SPIRAX S4 CX 50 1x55GAL;000001;MOR-TRI-450PBL22;32;2022-10-19
550027265;SHELL CORENA S4 P 100 1x20L;000001;MOR-TRI-450PBL22;210;2022-10-19
550057742;SHELL HELIX ULTRA 5W-40 6x1L;000001;MOR-TRI-450PBL22;1750;2022-10-19
45312905;SHELL ADVANCE 4T AX5 20W-50 SL/MA CX 12x1L;000001;MOR-TRI-432PBL22;1760;2022-10-11
45312905;SHELL ADVANCE 4T AX5 20W-50 SL/MA CX 12x1L;000001;MOR-TRI-431PBL22;1760;2022-10-11
550026697;SHELL HYDRAULIC S1 M 68 1x5GAL;000001;MOR-TRI-422PBL22;1159;2022-10-14
550050052;SHELL SPIRAX S6 ATF X 6x1L;000001;MOR-TRI-422PBL22;1569;2022-10-14
550025731;SHELL HEAT TRANSFER S2 1x209L;000001;MOR-TRI-421PBL22;48;2022-10-15
550045853;SHELL HELIX HX5 20W-50 SN 3x4L;000001;MOR-TRI-421PBL22;362;2022-10-11
550045853;SHELL HELIX HX5 20W-50 SN 3x4L;000001;MOR-TRI-421PBL22;1680;2022-10-15
6560200055;SHELL TURBO OIL T 32 1x55GAL;000001;MOR-TRI-421PBL22;58;2022-10-15
6560300055;SHELL TURBO OIL T 46 1x55GAL;000001;MOR-TRI-421PBL22;18;2022-10-15
550045853;SHELL HELIX HX5 20W-50 SN 3x4L;000001;MOR-TRI-420PBL22;1680;2022-10-14
550045885;SHELL HELIX HX5 20W-50 SN 6x1L;000001;MOR-TRI-400PBL22;13300;2022-09-21
550026300;SHELL CORENA S4 R 68 1x5GAL;000001;MAR-CUA-557PBL21;227;2021-12-29
550027265;SHELL CORENA S4 P 100 1x20L;000001;MAR-CUA-557PBL21;65;2021-12-29
550045438;SHELL RIMULA R5 E 10W-40 3x4L;000001;MAR-CUA-438PBL21;44;2021-12-14
45657855;SHELL OMALA S2 G 100 1x20L;000001;MAR-CIR-488PBL20;99;2020-01-01
45372809;SHELL SPIRAX S2 A 85W-140 TB 209L EXPO;000004;MALO577PBL22;27;2022-12-29
550029925;SHELL SPIRAX S2 A 80W-90 1x55GAL;000004;MALO577PBL22;37;2022-12-29
550045838;SHELL HELIX HX5 15W-40 SN 3x4L;000003;MALO577PBL22;8;2022-12-29
550053587;SHELL ADVANCE 4T ULTRA 15W-50 12x1L;000004;MALO577PBL22;14;2022-12-29
550057747;SHELL HELIX HX7 SP 10W-30 1x209L;000004;MALO577PBL22;1;2022-12-29
550027265;SHELL CORENA S4 P 100 1x20L;000004;MALO557PBL21;9;2021-12-29
550050706;SHELL GADUS S2 V220AC 2 1x18KG;000004;MALO492PBL22;1;2022-11-24
45657855;SHELL OMALA S2 G 100 1x20L;000004;MALO488PBL20;4;2020-01-01
550026699;SHELL HYDRAULIC S1 M 68 1x55GAL;000004;MALO450PBL22;36;2022-10-19
550026900;SHELL SPIRAX S4 CX 30 1x55GAL;000004;MALO450PBL22;4;2022-10-19
6560200055;SHELL TURBO OIL T 32 1x55GAL;000004;MALO421PBL22;6;2022-10-15
550047079;SHELL ARGINA S4 40 1x55GAL;000004;MALO395PBL21;3;2021-11-12
550057742;SHELL HELIX ULTRA 5W-40 6x1L;000004;MALO298PBL22;29;2022-06-28
550043380;SHELL TURBO S4 GX 32 1x55GAL;000004;MALO260PBL21;1;2021-07-13
40926905;SHELL HELIX HX8 PRO AG 0W-20 EXPO 12x1L;000004;MALO257PBL22;5;2022-06-10
6560500055;SHELL TURBO T OIL 68 1x55GAL;000004;MALO252PBL22;3;2022-06-14
550054282;SHELL RIMULA R4 X 15W-40 1x5GAL;000004;MALO146PBL22;1;2022-04-29
43592855;SHELL SPIRAX S2 A 90 1x20L;000004;MALO125PBL22;2;2022-04-27
45372855;SHELL SPIRAX S2 A 85W-140 1x20L;000004;MALO125PBL22;1;2022-04-27
550049041;SHELL HELIX HX8 PRO AG 0W-20 LATA 3x4L;000004;MALO096PBL22;32;2020-01-01
43509809;SHELL HELIX HX5 15W-40 SL TB 209L;000004;MALO079PBL20;85;2020-01-01
550026891;SHELL SPIRAX S4 TXM 1x5GAL;000004;MALO058PBL23;1;2023-03-08
550045415;SHELL TELLUS S2 MX 68 1x5GAL;000004;MALO058PBL23;1;2023-03-08
550056833;SHELL SPIRAX S5 CVT X 12x1L;000004;MALO058PBL23;3;2023-03-08
550026902;SHELL SPIRAX S4 TXM 1x55GAL;000004;MALO052PBL23;1;2023-03-01
550047075;SHELL GADINIA S3 40 1x55GAL;000004;MALO035PBL22;12;2022-02-01
44243855;SHELL RIMULA R4 X 15W-40 CI-4 1x20L;000004;MALO016PBL23;37;2023-01-30
550026697;SHELL HYDRAULIC S1 M 68 1x5GAL;000001;BLA-TRI-528PBL22;1680;2022-11-23
550045853;SHELL HELIX HX5 20W-50 SN 3x4L;000001;BLA-TRI-528PBL22;3360;2022-11-23
550045885;SHELL HELIX HX5 20W-50 SN 6x1L;000001;BLA-TRI-528PBL22;1686;2022-11-23
550050102;SHELL HELIX HX8 PROFESSIONAL AG 5W-30 6x1L;000001;BLA-TRI-528PBL22;1544;2022-11-23
40926905;SHELL HELIX HX8 PRO AG 0W-20 EXPO 12x1L;000001;BLA-TRI-516PBL22;1760;2022-11-10
45312905;SHELL ADVANCE 4T AX5 20W-50 SL/MA CX 12x1L;000001;BLA-TRI-505PBL22;1760;2022-11-03
45312905;SHELL ADVANCE 4T AX5 20W-50 SL/MA CX 12x1L;000001;BLA-TRI-504PBL22;1760;2022-11-03
45312905;SHELL ADVANCE 4T AX5 20W-50 SL/MA CX 12x1L;000001;BLA-TRI-503PBL22;1760;2022-11-03
45312905;SHELL ADVANCE 4T AX5 20W-50 SL/MA CX 12x1L;000001;BLA-TRI-502PBL22;1760;2022-11-03
550050706;SHELL GADUS S2 V220AC 2 1x18KG;000001;BLA-TRI-492PBL22;293;2022-11-24
45372905;SHELL SPIRAX S2 A 85W-140 12x1L EXPO;000001;BLA-TRI-491PBL22;3;2022-11-16
45387905;SHELL SPIRAX S2 A 80W-90 12x1L EXPO;000001;BLA-TRI-491PBL22;161;2022-11-16
550045853;SHELL HELIX HX5 20W-50 SN 3x4L;000001;BLA-TRI-464PBL22;3360;2022-11-09
550049771;SHELL NAUTILUS PREMIUM OUTB 2T 6x1L;000001;BLA-TRI-464PBL22;1563;2022-11-09
550026699;SHELL HYDRAULIC S1 M 68 1x55GAL;000001;BLA-TRI-463PBL22;216;2022-11-10
6560500055;SHELL TURBO T OIL 68 1x55GAL;000001;BLA-TRI-463PBL22;48;2022-11-10
550026834;SHELL REFRIGERATION OIL S2 FR-A 68 1x55GAL;000001;BLA-CUA-106PBL22;32;2022-03-18
550025731;SHELL HEAT TRANSFER S2 1x209L;000001;BLA-CUA-050PBL22;48;2022-03-11
45312905;SHELL ADVANCE 4T AX5 20W-50 SL/MA CX 12x1L;000001;BLA-CUA-046PBL22;621;2022-03-05
550025692;SHELL REFRIGERATION OIL S2 FR-A 68 1x20L;000001;BLA-CIR-106PBL22;1476;2020-01-01
550025692;SHELL REFRIGERATION OIL S2 FR-A 68 1x20L;000004;BLA-CIR-106PBL22;31;2020-01-01
550057742;SHELL HELIX ULTRA 5W-40 6x1L;000001;AZU-TRI-298PBL22;1406;2022-06-28
550045885;SHELL HELIX HX5 20W-50 SN 6x1L;000001;AZU-TRI-297PBL22;0;2022-06-29
6560500055;SHELL TURBO T OIL 68 1x55GAL;000001;AZU-TRI-252PBL22;39;2022-06-14
550043380;SHELL TURBO S4 GX 32 1x55GAL;000001;AZU-CUA-260PBL21;50;2021-07-13
550052775;SHELL ALEXIA 70 1x55GAL;000001;AZU-CUA-259PBL21;35;2021-07-13
550036183;SHELL MYSELLA S3 N 40 1x55GAL;000001;AZU-CUA-247PBL21;12;2021-07-02
550036571;SHELL MYSELLA S2 Z 40 1x55GAL;000001;AZU-CUA-247PBL21;12;2021-07-02
550052774;SHELL ALEXIA 40 1x55GAL;000001;AZU-CUA-247PBL21;10;2021-07-02
550054547;SHELL ARGINA S2 40 1x55GAL;000001;AZU-CUA-247PBL21;50;2021-07-02
550036571;SHELL MYSELLA S2 Z 40 1x55GAL;000001;AZU-CUA-00000599;67;2020-12-16
550036571;SHELL MYSELLA S2 Z 40 1x55GAL;000004;AZU-CUA-00000599;5;2020-12-16
45312905;SHELL ADVANCE 4T AX5 20W-50 SL/MA CX 12x1L;000001;AZU-CIR173PBL22;1760;2022-04-29
550045415;SHELL TELLUS S2 MX 68 1x5GAL;000001;AMA-TRI-058PBL23;184;2023-03-08
550045436;SHELL RIMULA R4 X 15W-40 3x4L;000001;AMA-TRI-058PBL23;8;2023-03-08
550049814;SHELL SPIRAX S3 ATF MD3 6x1L;000001;AMA-TRI-058PBL23;700;2023-03-08
550053426;SHELL HELIX HX5 20W-50 SN 1x209L;000001;AMA-TRI-058PBL23;24;2023-03-08
550056833;SHELL SPIRAX S5 CVT X 12x1L;000001;AMA-TRI-058PBL23;109;2023-03-08
550026902;SHELL SPIRAX S4 TXM 1x55GAL;000001;AMA-TRI-052PBL23;74;2023-03-01
550045901;SHELL HELIX HX5 15W-40 SN 6x1L;000001;AMA-TRI-052PBL23;6650;2023-03-01
550052774;SHELL ALEXIA 40 1x55GAL;000001;AMA-CUA-441PBL21;12;2021-10-06
550054547;SHELL ARGINA S2 40 1x55GAL;000001;AMA-CUA-441PBL21;48;2021-10-06
550022488;SHELL MELINA S 30 1x55GAL;000001;AMA-CUA-395PBL21;3;2021-11-12
550047079;SHELL ARGINA S4 40 1x55GAL;000001;AMA-CUA-395PBL21;19;2021-11-12
550054547;SHELL ARGINA S2 40 1x55GAL;000001;AMA-CUA-358PBL21;48;2021-10-07
45312905;SHELL ADVANCE 4T AX5 20W-50 SL/MA CX 12x1L;000001;AMA-CUA-144PBL22;1756;2022-04-22
550047075;SHELL GADINIA S3 40 1x55GAL;000001;AMA-CUA-129PBL22;96;2022-04-22
43592855;SHELL SPIRAX S2 A 90 1x20L;000001;AMA-CUA-125PBL22;422;2022-04-27
45312905;SHELL ADVANCE 4T AX5 20W-50 SL/MA CX 12x1L;000001;AMA-CUA-123PBL22;1760;2022-04-23
45312905;SHELL ADVANCE 4T AX5 20W-50 SL/MA CX 12x1L;000001;AMA-CUA-113PBL22;1760;2022-04-26
550032121;SHELL RISELLA X 415 1x209L;000001;AMA-CIR-048PBL21;40;2021-04-05
QC18560R14;QUALID 185/60R14 CITADINO;000002;572PBL22;1;2023-01-23
QC19560R15;QUALID 195/60R15 CITADINO;000003;572PBL22;18;2023-01-23
QU18565R14;QUALID 185/65 R14 URBANO;000002;572PBL22;2586;2023-01-23
AOT185R14;AOTELI 185/65R14 P307;000002;571PBL22;127;2023-01-25
AOT185R14;AOTELI 185/65R14 P307;000003;571PBL22;12;2023-01-25
QVU12R225;QUALID 12R22.5 18PR VULCANO;000002;571PBL22;246;2023-01-25
QPD29580;QUALID 295/80R22.5 18 PR PREDATOR;000002;544PBL22;110;2023-01-10
QC-1036;FORD EXPLORER;000004;536PBL22;50;2022-03-15
QC-1120;TOYOTA HILUX / FORTUNER;000004;536PBL22;939;2022-03-15
QC-618;CHEVROLET CORSA / LUV D-MAX/ MONTANA/ MERIVA;000001;536PBL22;1046;2022-03-15
QC-618;CHEVROLET CORSA / LUV D-MAX/ MONTANA/ MERIVA;000004;536PBL22;50;2022-03-15
QC-7729;FIAT SIENA / PALIO (TODOS );000004;536PBL22;239;2022-03-15
QC-9292;FIESTA POWER 4L, 1.6 LT (00-07), ECOSPORT 4L, 1.6 (04-05) Y 2.0 LT (04-05), MAZDA 2;000001;536PBL22;1150;2022-03-15
QC-9292;FIESTA POWER 4L, 1.6 LT (00-07), ECOSPORT 4L, 1.6 (04-05) Y 2.0 LT (04-05), MAZDA 2;000004;536PBL22;391;2022-03-15
DK1856514;DOUBLE KING 185/65R14 DK298;000002;500PBL22;2;2022-11-21
DK1856514;DOUBLE KING 185/65R14 DK298;000003;500PBL22;1;2022-11-21
QA-1111;CHERY ORINOCO 4L 1.8L (AUTOMÁTICO);000004;489PBL21;528;2022-02-01
QAB70028X915;QUALID 28X-9-15 16PR AB700;000002;457PBL22;8;2022-12-29
QAB7005008;QUALID 5.00-8 10PR AB700;000002;457PBL22;20;2022-12-29
QAB7006009;QUALID 6.00-9 12 PR AB700;000002;457PBL22;28;2022-12-29
QAB70065010;QUALID 6.50-10 12PR AB700;000002;457PBL22;19;2022-12-29
QAB70070012;QUALID 7.00-12 12PR AB700;000002;457PBL22;38;2022-12-29
QAE80317525;QUALID 17.5-25 24PR AE803;000002;457PBL22;1;2022-12-29
QAE80320525;QUALID 20.5-25 24PR AE803;000002;457PBL22;2;2022-12-29
QAE804140024;14.00-24 36PR AE804;000002;457PBL22;16;2022-12-29
QAE80623126;QUALID 23.1-26 16PR AE806;000002;457PBL22;6;2022-12-29
QAL70210165;QUALID 10-16.5 12PR AL702;000002;457PBL22;24;2022-12-29
QAL70212165;QUALID 12-16.5 14PR AL702;000002;457PBL22;36;2022-12-29
QC-1010;TOYOTA COROLLA 1.6 / 1.8 VVL-I;000001;441PBL22;900;2022-10-04
QC-1010;TOYOTA COROLLA 1.6 / 1.8 VVL-I;000004;441PBL22;50;2022-10-04
QC-1083;FORD F150/ FX4/ F350;000001;441PBL22;8999;2022-10-04
QC-1083;FORD F150/ FX4/ F350;000004;441PBL22;50;2022-10-04
QC-1100;TOYOTA PRADO, 4RUNNER, FJ CRUISER;000001;441PBL22;2250;2022-10-04
QC-1100;TOYOTA PRADO, 4RUNNER, FJ CRUISER;000004;441PBL22;50;2022-10-04
QC-2;FILTRO UNIVERSAL;000004;441PBL22;100;2022-10-04
QC-3583;JEEP CJ SERIES / WAGONEER / WRANGLER (CON RETORNO);000001;441PBL22;700;2022-10-04
QC-3583;JEEP CJ SERIES / WAGONEER / WRANGLER (CON RETORNO);000004;441PBL22;50;2022-10-04
QC-3641;DODGE PICK-UP RAM 2500. JEEP COMANCHE / CHEROKEE / WRANGLER;000001;441PBL22;400;2022-10-04
QC-3641;DODGE PICK-UP RAM 2500. JEEP COMANCHE / CHEROKEE / WRANGLER;000004;441PBL22;48;2022-10-04
QC-3727;CHEVROLET BLAZER / C - 1500 / CHEYENNE / CELEBRITY / CORVETTE / GRAND BLAZER / 2WD / 4WD / LUMINA / C10;000004;441PBL22;50;2022-10-04
QC-3802;FORD BRONCO PICO CORTO;000001;441PBL22;650;2022-10-04
QC-3802;FORD BRONCO PICO CORTO;000004;441PBL22;50;2022-10-04
QC-3850;FORD BRONCO / EXPLORER / F-150 / F-350;000001;441PBL22;1000;2022-10-04
QC-3850;FORD BRONCO / EXPLORER / F-150 / F-350;000004;441PBL22;4;2022-10-04
QC-5010;TOYOTA STARLET, ARAYA, SKY, COROLLA CARBURADO;000004;441PBL22;100;2022-10-04
QC-5110;TOYOTA HILUX (INYECCIÓN);000001;441PBL22;550;2022-10-04
QC-5110;TOYOTA HILUX (INYECCIÓN);000004;441PBL22;50;2022-10-04
QC-511A;VOLKSWAGEN, GOL / GOLF/ CROSSFOX / FOX/ SPACE FOX / POLO/ BORA;000001;441PBL22;550;2022-10-04
QC-511A;VOLKSWAGEN, GOL / GOLF/ CROSSFOX / FOX/ SPACE FOX / POLO/ BORA;000004;441PBL22;48;2022-10-04
QC-5961;RENAULT MEGANE, SCENIC, TWINGO, LOGAN, KANGOO, SYMBOL;000001;441PBL22;94;2022-10-04
QC-5961;RENAULT MEGANE, SCENIC, TWINGO, LOGAN, KANGOO, SYMBOL;000004;441PBL22;50;2022-10-04
QC-618;CHEVROLET CORSA / LUV D-MAX/ MONTANA/ MERIVA;000001;441PBL22;14900;2022-10-04
QC-619;CHEVROLET OPTRA / AVEO / CAPTIVA (TESTIGO);000001;441PBL22;10544;2022-10-04
QC-619;CHEVROLET OPTRA / AVEO / CAPTIVA (TESTIGO);000004;441PBL22;50;2022-10-04
QC-645A;CHEVROLET BLAZER (ROSCA PICO);000004;441PBL22;50;2022-10-04
QC-6680;HYUNDAI SONATA . TOYOTA 4 RUNNER / MERÚ / PRADO;000001;441PBL22;200;2022-10-04
QC-6680;HYUNDAI SONATA . TOYOTA 4 RUNNER / MERÚ / PRADO;000004;441PBL22;200;2022-10-04
QC-7110;CHERY ORINOCO / ARAUCA / X1 / TIGGER / TIUNA;000001;441PBL22;1900;2022-10-04
QC-7110;CHERY ORINOCO / ARAUCA / X1 / TIGGER / TIUNA;000004;441PBL22;47;2022-10-04
QC-7194;MITSUBISHI ECLIPSE / LANCER / MF / MONTERO / MX . TOYOTA CAMRY / CELICA / PASEO;000004;441PBL22;50;2022-10-04
QC-7612;TOYOTA COROLLA 1.8/1.6 (1994-2008);000001;441PBL22;1300;2022-10-04
QC-7612;TOYOTA COROLLA 1.8/1.6 (1994-2008);000004;441PBL22;50;2022-10-04
QC-986;FORD EXPLORER / FORTALEZA / RANGER;000001;441PBL22;4192;2022-10-04
QC-986;FORD EXPLORER / FORTALEZA / RANGER;000004;441PBL22;48;2022-10-04
QC-991;FORD EXPLORER 1999-2002 / SPORT TRAC;000001;441PBL22;400;2022-10-04
QC-991;FORD EXPLORER 1999-2002 / SPORT TRAC;000004;441PBL22;48;2022-10-04
6560300055;SHELL TURBO OIL T 46 1x55GAL;000004;421PBL22;2;2022-10-15
QA-1010;TOYOTA TERIOS BE-GO;000004;407PBL22;24;2022-09-19
QA-10190;TOYOTA COROLLA XEI / GLI 2008-2012;000004;407PBL22;23;2022-09-19
QA-10242;FORD EXPLORER 2011-2013;000001;407PBL22;234;2022-09-19
QA-10242;FORD EXPLORER 2011-2013;000004;407PBL22;24;2022-09-19
QA-10262;FORD EXPEDITION 2009/ F-150 / F-250 / F-350 2007-2012;000004;407PBL22;24;2022-09-19
QA-10755;JEEP GRAND CHEROKEE 2011-2014, MITSUBISHI L200 DIESEL;000004;407PBL22;24;2022-09-19
QA-10835;TOYOTA 4RUNNER 2014-2018;000004;407PBL22;18;2022-09-19
QA-1211;CHERY ARAUCA A1 4L 1.3L;000004;407PBL22;21;2022-09-19
QA-2222;FORD ECOSPORT 1.6L /FIESTA POWER 1.6L, MOVE, MAX;000004;407PBL22;24;2022-09-19
QA-8000;HYUNDAI TUCSON (2005-2009) / KIA SPORTAGE (2005-2009);000004;407PBL22;24;2022-09-19
QA-8208;MITSUBISHI LANCER TOURING 2003-2015/ MIRAGE;000004;407PBL22;24;2022-09-19
QA-91485;CHEVROLET SPARK;000001;407PBL22;312;2022-09-19
QA-91485;CHEVROLET SPARK;000004;407PBL22;24;2022-09-19
QA-9430;CHEVROLET LUV-DMAX (GASOLINA);000004;407PBL22;2;2022-09-19
QA-9683;TOYOTA 4RUNNER 2008/ FORTUNER / HILUX KAVAK / FJ CRUISER;000004;407PBL22;2;2022-09-19
QA-9687;FORD EXPEDITION EDDIE PICK-UP F-SERIES SUPER DUTY (TODOS);000001;407PBL22;288;2022-09-19
QA-9687;FORD EXPEDITION EDDIE PICK-UP F-SERIES SUPER DUTY (TODOS);000004;407PBL22;24;2022-09-19
QA-9902;CHEVROLET AVEO (TODOS);000001;407PBL22;18;2022-09-19
QA-9902;CHEVROLET AVEO (TODOS);000004;407PBL22;24;2022-09-19
QD-6904;CHEVROLET NPR / NKR;000001;407PBL22;1080;2022-09-20
QD-6904;CHEVROLET NPR / NKR;000004;407PBL22;24;2022-09-20
QD-6905;CHEVROLET NPR / NKR / ENCAVA;000004;407PBL22;24;2022-09-20
QL-10060;CHEVROLET EXPRESS VAN/ AVALANCHE / TAHOE/ SILVERADO. DODGE CALIBER. JEEP LIBERTY KK/ COMPASS;000004;407PBL22;24;2022-09-19
QL-10158;TOYOTA 4RUNNER 2010-2021 / TUNDRA V6 4.OL 2012-2014;000001;407PBL22;3600;2022-09-19
QL-10295;TOYOTA TUNDRA 2010-2021 / LAND CRUISER 2008-2021/ SEQUOIA 2001-2021;000001;407PBL22;3600;2022-09-19
QL-10358;TOYOTA COROLLA 2013-2018;000001;407PBL22;3600;2022-09-19
QL-10575;FORD EXPLORER 2011-2021 / F150 2011-2021 / JEEP CHEROKEE LIBERTY 2008 -2014;000001;407PBL22;24;2022-09-19
QL-10575;FORD EXPLORER 2011-2021 / F150 2011-2021 / JEEP CHEROKEE LIBERTY 2008 -2014;000004;407PBL22;24;2022-09-19
QL-13;CHEVROLET GRAND BLAZER / 2WD / 4WD / C-1500 / C30 / C3500 / GMC YUKON / PICK-UPS (TODAS) / SILVERADO;000004;407PBL22;24;2022-09-19
QL-16;DODGE INTREPID / PICK-UP RAM 2500 / SPIRIT / STRATUS / CARAVAN / DURANGO / CIRRUS;000004;407PBL22;24;2022-09-19
QL-2;FORD TRITON 8CIL / EXPEDITION V8 / ESCAPE 3.0L / EXPLORER SPORT / SPORT TRAC/ JEEP GRAND CHEROKEE 2010-2013;000004;407PBL22;18;2022-09-19
QL-2004;TOYOTA PRADO/ HILUX/ FORTUNER / 4RUNNER HASTA 2009. DONGFENG RICH 6;000004;407PBL22;12;2022-09-19
QL-3387;CHEVROLET AVEO (TODOS) / OPTRA (TODOS) / CORSA (TODOS). FIAT PALIO 1.8 (2005-2009) / SIENA 1.8 (2005-2009). DAEWOO CIEL;000001;407PBL22;30672;2022-09-20
QL-3387;CHEVROLET AVEO (TODOS) / OPTRA (TODOS) / CORSA (TODOS). FIAT PALIO 1.8 (2005-2009) / SIENA 1.8 (2005-2009). DAEWOO CIEL;000004;407PBL22;18;2022-09-20
QL-3600;FORD FIESTA (TODOS) / RANGER / FOCUS. JEEP CHEROKEE LIBERTY 2007. MAZDA B-2300 /B-2500;000004;407PBL22;24;2022-09-19
QL-3614;CHERY ARAUCA A1 / X1, CHEVROLET GRAND VITARA (TODAS) / JIMNY. FORD ECOSPORT;000004;407PBL22;18;2022-09-19
QL-3807;CHEVROLET LUV D-MAX (TODAS). HONDA ACCORD / CIVIC / FIT / LEGEND / ODISSEY. HYUNDAI ACCENT / ELANTRA / TUCSON / GETZ;000004;407PBL22;12;2022-09-19
QL-3980;CHEVROLET BLAZER / CELEBRITY / CORSICA / CORVETTE / IMPALA / LUMINA / C10;000004;407PBL22;24;2022-09-19
QL-4558;FIAT BRAVA / PALIO / PREMIO / SIENA / UNO / FORZA;000004;407PBL22;24;2022-09-19
QL-4967;TOYOTA CAMRY / CELICA / COROLLA / SKY / STARLET / TERIOS / YARIS. DAEWOO MATIZ / TICO. CHEVROLET SPARK(TODOS);000001;407PBL22;50376;2022-09-20
QL-4967;TOYOTA CAMRY / CELICA / COROLLA / SKY / STARLET / TERIOS / YARIS. DAEWOO MATIZ / TICO. CHEVROLET SPARK(TODOS);000004;407PBL22;12;2022-09-20
QL-5103;CHERY ORINOCO (A3);000004;407PBL22;18;2022-09-19
QL-5113;RENAULT CLIO / GALA / KANGOO / TWINGO 1.2L / MEGANE / LOGAN / SCENIC;000004;407PBL22;24;2022-09-19
QL-5548;VOLKSWAGEN FOX / CROSSFOX 2006-2008 / GOL 1997-2018 / SPACE FOX 2006-2008. SEAT IBIZA CORDOBA;000004;407PBL22;24;2022-09-19
QL-6607;FORD KA / LASER. MAZDA ALLEGRO / 323 / 626 KIA PICANTO;000004;407PBL22;24;2022-09-19
QL-7317;HONDA ACCORD / CIVIC, LEGEND / FIT / DODGE BRISA. MITSUBISHI LANCER;000004;407PBL22;18;2022-09-19
QL-8;FORD MUSTANG 91-03 / FORD BRONCO 92-96 / EXPLORER 92-01 / PICK UP F150-350. TOYOTA LAND CRUISER / MACHO / PICK UP;000004;407PBL22;24;2022-09-19
QL-9814;PEUGEOT 206/207/307/408, CENTAURO 1.6, DONGFENG S30;000001;407PBL22;3600;2022-09-19
QVU12R225;QUALID 12R22.5 18PR VULCANO;000002;386PBL22;90;2022-10-13
QVU12R225;QUALID 12R22.5 18PR VULCANO;000003;386PBL22;9;2022-10-13
550045885;SHELL HELIX HX5 20W-50 SN 6x1L;000004;297PBL22;2;2022-06-29
QL-10158;TOYOTA 4RUNNER 2010-2021 / TUNDRA V6 4.OL 2012-2014;000001;224PBL22;2400;2022-07-28
QL-10295;TOYOTA TUNDRA 2010-2021 / LAND CRUISER 2008-2021/ SEQUOIA 2001-2021;000001;224PBL22;2400;2022-07-28
QL-10358;TOYOTA COROLLA 2013-2018;000001;224PBL22;2400;2022-07-28
QL-3690;CHEVROLET NPR / NKR / ENCAVA;000001;224PBL22;2124;2022-07-28
QL-3690;CHEVROLET NPR / NKR / ENCAVA;000004;224PBL22;12;2022-07-28
QL-9814;PEUGEOT 206/207/307/408, CENTAURO 1.6, DONGFENG S30;000001;224PBL22;2112;2022-07-28
QL-9814;PEUGEOT 206/207/307/408, CENTAURO 1.6, DONGFENG S30;000004;224PBL22;56;2022-07-28
QA-1111;CHERY ORINOCO 4L 1.8L (AUTOMÁTICO);000004;159PBL22;24;2022-06-08
QA-8004;FORD EXPEDITION / F-150 / F-350;000004;159PBL22;12;2022-06-08
QA-9074;RENAULT LOGAN / KANGOO /SYMBOL;000004;159PBL22;24;2022-06-08
QL-10158;TOYOTA 4RUNNER 2010-2021 / TUNDRA V6 4.OL 2012-2014;000001;159PBL22;1626;2022-06-08
QL-10158;TOYOTA 4RUNNER 2010-2021 / TUNDRA V6 4.OL 2012-2014;000004;159PBL22;12;2022-06-08
QL-10295;TOYOTA TUNDRA 2010-2021 / LAND CRUISER 2008-2021/ SEQUOIA 2001-2021;000001;159PBL22;2208;2022-06-08
QL-10295;TOYOTA TUNDRA 2010-2021 / LAND CRUISER 2008-2021/ SEQUOIA 2001-2021;000004;159PBL22;12;2022-06-08
QL-10358;TOYOTA COROLLA 2013-2018;000001;159PBL22;1968;2022-06-08
550057749;SHELL HELIX HX7 SP 10W-30 6x1L;000001;112PBL23;1139;2023-04-20
550057767;SHELL HELIX HX7 SP 10W-40 6x1L;000001;112PBL23;768;2023-04-20
550057767;SHELL HELIX HX7 SP 10W-40 6x1L;000004;112PBL23;2;2023-04-20
QBD29580;QUALID 295/80R22.5 18 PR BULLDOG;000002;085PBL23;242;2023-04-24
QBD29580;QUALID 295/80R22.5 18 PR BULLDOG;000003;085PBL23;3;2023-04-24
44245809;SHELL RIMULA R2 50 TB 209L EXPO;000001;079PBL23;36;2023-04-25
44245809;SHELL RIMULA R2 50 TB 209L EXPO;000004;079PBL23;4;2023-05-10
550057742;SHELL HELIX ULTRA 5W-40 6x1L;000001;076PBL23;3325;2023-04-05
QWK750;QUALID 7.50R16 14PR WORKER SET;000002;061PBL23;232;2023-04-12
QWK750;QUALID 7.50R16 14PR WORKER SET;000003;061PBL23;1;2023-04-12
QAT28575R16;QUALID LT285/75R16 ALL TERRAIN Q01;000002;053PBL23;26;2023-03-16
550045901;SHELL HELIX HX5 15W-40 SN 6x1L;000004;045PBL23;4;2023-02-24
QA-46932;NPR (CON TURBO), MITSUBISHI CANTER (CON TURBO);000001;040PBL23;32;2023-03-24
QA-46932;NPR (CON TURBO), MITSUBISHI CANTER (CON TURBO);000004;040PBL23;1;2023-03-24
QD-10224;FORD RANGER, MAZDA BT50 W/ 2.2L AND 3.2L DIESEL, TOYOTA HILUX 2.5 DIESEL / MITSUBISHI L200;000001;040PBL23;764;2023-03-24
QD-10224;FORD RANGER, MAZDA BT50 W/ 2.2L AND 3.2L DIESEL, TOYOTA HILUX 2.5 DIESEL / MITSUBISHI L200;000004;040PBL23;1;2023-03-24
QD-10231;TOYOYA LAND CRUISER DIESEL 70, HZJ7, 200, 202;000001;040PBL23;860;2023-03-24
QD-10231;TOYOYA LAND CRUISER DIESEL 70, HZJ7, 200, 202;000004;040PBL23;1;2023-03-24
QD-10372;TOYOTA DYNA TURBO;000001;040PBL23;2468;2023-03-24
QD-10372;TOYOTA DYNA TURBO;000004;040PBL23;1;2023-03-24
QD-10379;MITSUBISHI HINO 3.5T 155 195 FUEL FILTER ELEMENT OE 23304-78091  TOYOTA DYNA (23304-78090);000001;040PBL23;2132;2023-03-24
QD-10379;MITSUBISHI HINO 3.5T 155 195 FUEL FILTER ELEMENT OE 23304-78091  TOYOTA DYNA (23304-78090);000004;040PBL23;1;2023-03-24
QD-10416;MITSUBISHI, HINO, ISUZU, CHEVROLET FVR, TOYOTA DYNA 4.0;000001;040PBL23;2228;2023-03-24
QD-10416;MITSUBISHI, HINO, ISUZU, CHEVROLET FVR, TOYOTA DYNA 4.0;000004;040PBL23;1;2023-03-24
QD-33166;JHON DEER / INGERSOLL RAND / MASSEY FERGUSON;000001;040PBL23;8756;2023-03-24
QD-33166;JHON DEER / INGERSOLL RAND / MASSEY FERGUSON;000004;040PBL23;1;2023-03-24
QD-33218;MACK 673 / 675 / 676 SECUNDARIO;000001;040PBL23;2216;2023-03-24
QD-33218;MACK 673 / 675 / 676 SECUNDARIO;000004;040PBL23;1;2023-03-24
QD-33219;MACK 673 / 675 / 676 PRIMARIO;000001;040PBL23;2528;2023-03-24
QD-33219;MACK 673 / 675 / 676 PRIMARIO;000004;040PBL23;1;2023-03-24
QD-33242;TRAMPA CARGO 1721;000001;040PBL23;1208;2023-03-24
QD-33242;TRAMPA CARGO 1721;000004;040PBL23;1;2023-03-24
QD-33260;"DAEWOO, HITACHI EQUIPMENT; HINO, ISUZU TRUCKS; KAWASAKI LOADERS";000001;040PBL23;676;2023-03-24
QD-33260;"DAEWOO, HITACHI EQUIPMENT; HINO, ISUZU TRUCKS; KAWASAKI LOADERS";000004;040PBL23;1;2023-03-24
QD-33386;CHEVROLET NPR / NKR;000001;040PBL23;0;2023-03-24
QD-33386;CHEVROLET NPR / NKR;000004;040PBL23;1;2023-03-24
QD-33393;CHEVROLET NPR / NKR / ENCAVA;000001;040PBL23;2204;2023-03-24
QD-33393;CHEVROLET NPR / NKR / ENCAVA;000004;040PBL23;1;2023-03-24
QD-33399;MITSUBISHI FUSO CANTER;000001;040PBL23;1028;2023-03-24
QD-33399;MITSUBISHI FUSO CANTER;000004;040PBL23;1;2023-03-24
QD-33587;MACK GRANITE Y VISION;000001;040PBL23;1976;2023-03-24
QD-33587;MACK GRANITE Y VISION;000004;040PBL23;1;2023-03-24
QD-33588;MACK GRANITE Y VISION;000001;040PBL23;596;2023-03-24
QD-33588;MACK GRANITE Y VISION;000004;040PBL23;1;2023-03-24
QD-33742;CAT EQUIPMENT (CARTEPILLAR ENGINES);000001;040PBL23;356;2023-03-24
QD-33742;CAT EQUIPMENT (CARTEPILLAR ENGINES);000004;040PBL23;1;2023-03-24
QD-33777;TRAMPA CUMMINS;000001;040PBL23;1508;2023-03-24
QD-33777;TRAMPA CUMMINS;000004;040PBL23;1;2023-03-24
QD-8429;TOYOTA HILUX / HIACE / TACOMA;000001;040PBL23;2060;2023-03-24
QD-8429;TOYOTA HILUX / HIACE / TACOMA;000004;040PBL23;1;2023-03-24
QL-51429;IVECO EUROCARGO;000001;040PBL23;308;2023-03-24
QL-51429;IVECO EUROCARGO;000004;040PBL23;1;2023-03-24
QL-51431;FIAT IVECO DAILY TURBO;000001;040PBL23;308;2023-03-24
QL-51431;FIAT IVECO DAILY TURBO;000004;040PBL23;1;2023-03-24
QL-51602;FORD CARGO 815 MOTOR CUMMINS 3.9L;000001;040PBL23;1172;2023-03-24
QL-51602;FORD CARGO 815 MOTOR CUMMINS 3.9L;000004;040PBL23;1;2023-03-24
QL-51660;VOLVO / MACK BY PASS;000001;040PBL23;452;2023-03-24
QL-51660;VOLVO / MACK BY PASS;000004;040PBL23;1;2023-03-24
QL-51669;FORD MOTORES CUMMINS;000001;040PBL23;572;2023-03-24
QL-51669;FORD MOTORES CUMMINS;000004;040PBL23;1;2023-03-24
QL-51675;MITSUBISHI FUSO CANTER;000001;040PBL23;20;2023-03-24
QL-51675;MITSUBISHI FUSO CANTER;000004;040PBL23;1;2023-03-24
QL-51748;FORD F-9000 / CARGO 1721;000001;040PBL23;344;2023-03-24
QL-51748;FORD F-9000 / CARGO 1721;000004;040PBL23;1;2023-03-24
QL-51749;SUPERBRIGADIER 185 / 229;000001;040PBL23;500;2023-03-24
QL-51749;SUPERBRIGADIER 185 / 229;000004;040PBL23;1;2023-03-24
QL-51810;CHEVROLET NPR / NKR / ENCAVA;000001;040PBL23;0;2023-03-24
QL-51810;CHEVROLET NPR / NKR / ENCAVA;000004;040PBL23;1;2023-03-24
QL-51832;FORD F-7000;000001;040PBL23;452;2023-03-24
QL-51832;FORD F-7000;000004;040PBL23;1;2023-03-24
QL-51971;FREIGHTLINER CL120 / FDL120;000001;040PBL23;571;2023-03-24
QL-51971;FREIGHTLINER CL120 / FDL120;000004;040PBL23;2;2023-03-24
QL-57746;CUMMINS ISX;000001;040PBL23;644;2023-03-24
QL-57746;CUMMINS ISX;000004;040PBL23;1;2023-03-24
QBD31580;QUALID 315/80R22.5 20PR BULLDOG;000002;035PBL23;158;2023-03-22
QBD31580;QUALID 315/80R22.5 20PR BULLDOG;000003;035PBL23;1;2023-03-22
550027631;SHELL GADUS S2 V220 2 AIWJ 10x0.4KG;000001;034PBL20;336;2020-01-01
550027631;SHELL GADUS S2 V220 2 AIWJ 10x0.4KG;000004;034PBL20;73;2020-01-01
QA-5700;NISSAN FRONTIER 2005 - 2014;000001;019PBL22;48;2022-03-30
QA-5700;NISSAN FRONTIER 2005 - 2014;000004;019PBL22;24;2022-03-30
QA-6558;MAZDA BT-50;000004;019PBL22;24;2022-03-30
QL-10358;TOYOTA COROLLA 2013-2018;000004;019PBL22;48;2022-03-30
550044601;SHELL RIMULA R2 50 TB 209L;000001;00009657;92;2023-05-08
550057767;SHELL HELIX HX7 SP 10W-40 6x1L;000001;00009656;3325;2023-05-08
QRPV50-G;QUALID REFRIGERANTE PREMIUM VERDE 50% 4x3.785L;000001;00009497;408;2023-04-20
QRPV50-T;QUALID REFRIGERANTE PREMIUM VERDE 50% 1x200L;000001;00009497;24;2023-04-20
QRHTV-L;QUALID REFRIGERANTE HIGH TEMP VERDE 12x1;000001;00009395;131;2023-03-31
QRPV50-G;QUALID REFRIGERANTE PREMIUM VERDE 50% 4x3.785L;000001;00009395;338;2023-03-31
QRPV50-T;QUALID REFRIGERANTE PREMIUM VERDE 50% 1x200L;000001;00009395;28;2023-03-31
QDOT3-946;QUALID LIQUIDO DE FRENOS DOT 3 12x946ML;000001;00009299;360;2023-03-23
QDOT4-946;QUALID LIQUIDO DE FRENOS DOT 4 12x946ML;000001;00009299;316;2023-03-23
QRHTR-L;QUALID REFRIGERANTE HIGH TEMP ROJO 12x1;000001;00009299;87;2023-03-23
QRHTV-G;QUALID REFRIGERANTE HIGH TEMP VERDE 4x3.785L;000002;00008322;283;2022-12-13
QRHTV-G;QUALID REFRIGERANTE HIGH TEMP VERDE 4x3.785L;000001;00008224;1099;2022-12-13
QRHTV-G;QUALID REFRIGERANTE HIGH TEMP VERDE 4x3.785L;000002;00008224;261;2022-12-13
QDOT3-290;QUALID LIQUIDO DE FRENOS DOT 3 12x290ML;000001;00008215;959;2022-12-08
QDOT3-290;QUALID LIQUIDO DE FRENOS DOT 3 12x290ML;000004;00008215;1;2022-12-08
QDOT4-290;QUALID LIQUIDO DE FRENOS DOT 4 12x290ML;000001;00008215;569;2022-12-08
QRPR50-G;QUALID REFRIGERANTE PREMIUM ROJO 50% 4x3.785L;000001;00008109;748;2022-12-02
QRPR50-G;QUALID REFRIGERANTE PREMIUM ROJO 50% 4x3.785L;000001;00008107;510;2022-12-02
QRPR50-G;QUALID REFRIGERANTE PREMIUM ROJO 50% 4x3.785L;000001;00007995;374;2022-11-29
QRPR50-G;QUALID REFRIGERANTE PREMIUM ROJO 50% 4x3.785L;000001;00007968;64;2022-11-28
QRPR50-G;QUALID REFRIGERANTE PREMIUM ROJO 50% 4x3.785L;000002;00007968;684;2022-11-28
QRHTR-G;QUALID REFRIGERANTE HIGH TEMP ROJO 4x3.785L;000001;00007962;748;2022-11-28
QRHTR-G;QUALID REFRIGERANTE HIGH TEMP ROJO 4x3.785L;000001;00007955;748;2022-11-21
QRHTR-G;QUALID REFRIGERANTE HIGH TEMP ROJO 4x3.785L;000002;00007885;198;2022-11-15
QRHTR-G;QUALID REFRIGERANTE HIGH TEMP ROJO 4x3.785L;000004;00007885;2;2022-11-15
QRHTR-G;QUALID REFRIGERANTE HIGH TEMP ROJO 4x3.785L;000001;00007884;368;2022-11-18
QRHTR-G;QUALID REFRIGERANTE HIGH TEMP ROJO 4x3.785L;000002;00007884;142;2022-11-18
QDOT3-946;QUALID LIQUIDO DE FRENOS DOT 3 12x946ML;000001;00007738;294;2022-11-14
QDOT4-946;QUALID LIQUIDO DE FRENOS DOT 4 12x946ML;000001;00007738;0;2022-11-14
QDOT4-946;QUALID LIQUIDO DE FRENOS DOT 4 12x946ML;000004;00007738;2;2022-11-14
QRPR50-G;QUALID REFRIGERANTE PREMIUM ROJO 50% 4x3.785L;000002;00007614;132;2022-11-02
QRPR50-T;QUALID REFRIGERANTE PREMIUM ROJO 50% 1x200L;000001;00006318;72;2022-07-20
QDM-L;QUALID DESENGRASANTE MULTIPROPOSITO 12x1L;000001;00006307;122;2022-07-13
QSH-L;QUALID SHAMPOO 12x1L;000001;00006307;120;2022-07-13
QDM-G;QUALID DESENGRASANTE MULTIPROPOSITO 4x3.785L;000001;00006191;81;2022-06-30
QEO-350;QUALID ELEVADOR DE OCTANAJE 12x350ML;000001;00006191;105;2022-06-30
QEO-350;QUALID ELEVADOR DE OCTANAJE 12x350ML;000004;00006191;6;2022-06-30
QSH-L;QUALID SHAMPOO 12x1L;000001;00006191;84;2022-06-30
QSH-G;QUALID SHAMPOO 4x3.785L;000001;00004329;90;2022-02-15
QSH-G;QUALID SHAMPOO 4x3.785L;000001;00004326;44;2022-02-14
QSH-G;QUALID SHAMPOO 4x3.785L;000004;00004326;3;2022-02-14
QFM-G;QUALID FORMULA MARINA 4x3.785L;000001;00003673;2;2021-12-18
QFM-G;QUALID FORMULA MARINA 4x3.785L;000004;00003673;3;2021-12-18
QAC-L;QUALID ABRILLANTADOR DE CAUCHOS 12x1L;000001;00003671;199;2021-12-18
QAC-L;QUALID ABRILLANTADOR DE CAUCHOS 12x1L;000004;00003671;80;2021-12-18
QDM-T;QUALID DESENGRASANTE MULTIPROPOSITO 1x200L;000001;00002758;1;2021-10-22
QSH-T;QUALID SHAMPOO 1x200L;000001;00002758;3;2021-10-22
550036183;SHELL MYSELLA S3 N 40 1x55GAL;000001;00000599;14;2020-12-16
